{
    "ND": 0.0640549540663941,
    "RMSE": 0.4661794573911043,
    "test_loss": 5.238524551237302
}