{
    "ND": 0.06405495013080958,
    "RMSE": 0.4661794467870583,
    "test_loss": 5.238385751524005
}