{
    "ND": 0.06674814403286204,
    "RMSE": 0.523221173547611,
    "test_loss": 5.224056371123196
}